dataset,id,dialect,duration_sec,true_aldi,predicted_aldi,error,abs_error,audio_path,text
casablanca,78_5,Egypt,9.295270736,0.03905929625034332,0.961280882358551,0.9222215861082077,0.9222215861082077,01 - المسلسل المصري و انت عامل ايه الحلقة 1_946.4596875000001_970.6584375000001_78_5.wav,[noise]
sada_test,5666,SADA,1.72,0.0013289999915286899,0.9103854298591614,0.9090564298676327,0.9090564298676327,,جنوبية شرقية
casablanca,5185_5,Egypt,4.640075514,0.03905920684337616,0.9310771822929382,0.8920179754495621,0.8920179754495621,27 - المسلسل المصري و انت عامل ايه الحلقة 27_1080.0590625_1096.3771875000002_5185_5.wav,[noise]
casablanca,11487_1,Algeria,12.69,0.0027284566313028336,0.8917447924613953,0.8890163358300924,0.8890163358300924,02 - ناس ملاح سيتي 2 _ المربية المزيفة _ Nass mlah city_472.3059375_484.9959375_11487_1.wav,[موسيقى]
casablanca,248_3,Egypt,0.6625586078,0.964959442615509,0.08823299407958984,-0.8767264485359192,0.8767264485359192,02 - المسلسل المصري و انت عامل ايه الحلقة 2_154.6846875_160.43906250000003_248_3.wav,عايزة ايه دي؟
casablanca,3970_2,Egypt,1.388294959,0.014851083047688007,0.8845165967941284,0.8696655137464404,0.8696655137464404,20 - مسلسل الدالي الجزء الاول _ الحلقة _20_ El Daly Part 1 Episode_753.7134375_761.8640625_3970_2.wav,[laughs]
casablanca,33404_3,UAE,2.305787728,0.039114922285079956,0.893214762210846,0.854099839925766,0.854099839925766,06 - مسلسل أيام الصبر (1995) الحلقة 5 الخامسة_2324.2865625000004_2343.2034375000003_33404_3.wav,جوف ابويه، قم قم بند القهوة سير سير جوفه 
sada_test,5954,SADA,0.52,0.9070870280265808,0.05953439325094223,-0.8475526347756386,0.8475526347756386,,ايه أنا.
sada_test,134,SADA,0.59,0.8849380016326904,0.04016044735908508,-0.8447775542736053,0.8447775542736053,,يلا.
casablanca,3417_1,Egypt,0.8368855932,0.924405038356781,0.08223427832126617,-0.8421707600355148,0.8421707600355148,18 - المسلسل المصري و انت عامل ايه الحلقة 18_1263.5071874999999_1270.2403125_3417_1.wav,إسمك ياض؟!
sada_test,2392,SADA,0.624,-0.0008609999786131084,0.8345195651054382,0.8353805650840513,0.8353805650840513,,السؤال
casablanca,44373_2,UAE,1.696107795,0.07937667518854141,0.9142401814460754,0.834863506257534,0.834863506257534,29 - عجيب غريب مخطط العائلة_842.5096875_847.5721875_44373_2.wav,أمي أمي، أبي همبا
sada_test,1686,SADA,0.94,0.059383999556303024,0.8935462236404419,0.8341622240841389,0.8341622240841389,,تامر محمد وشو
casablanca,17734_2,Morocco,1.368502307,0.9271750450134277,0.09516268223524094,-0.8320123627781868,0.8320123627781868,20 - Al Sir Laqdim - Ep 21 - السر القديم الحلقة_551.0109375000001_556.1746875_17734_2.wav,و لا ماشي ديال اللوكال.
sada_test,4606,SADA,0.81,0.9692630171775818,0.14016969501972198,-0.8290933221578598,0.8290933221578598,,بعطيك إياها.
casablanca,16529_5,Morocco,0.8598898916,0.07929009944200516,0.9031885266304016,0.8238984271883965,0.8238984271883965,13 - Al Sir Laqdim - Ep 14 - السر القديم الحلقة_1469.3821875000003_1484.0803125000002_16529_5.wav,ادخلي فحالاتك للدار 
sada_test,4846,SADA,0.71,0.8719239830970764,0.05153800547122955,-0.8203859776258469,0.8203859776258469,,ده أنا.
sada_test,5737,SADA,0.52,0.876317024230957,0.05663114786148071,-0.8196858763694763,0.8196858763694763,,أفا
sada_test,3428,SADA,0.79,0.012489000335335732,0.8284379839897156,0.8159489836543798,0.8159489836543798,,هذا تم.
sada_test,5363,SADA,1.4,0.07747600227594376,0.8931390643119812,0.8156630620360374,0.8156630620360374,,في شامي، إذا هي أنا.
casablanca,49591_1,Palestine,4.77858045,0.9375727772712708,0.12660150229930878,-0.810971274971962,0.810971274971962,28 - مسلسل كفر اللوز - الجزء الثاني - الحلقة السادسة_2227.7953125000004_2232.9759375000003_49591_1.wav,كتير هدول سيئين خاصة في اعتدائاتهم على ام الحيطان، خصوصاً هادا سعيد الوغد
sada_test,383,SADA,0.71,0.08414199948310852,0.8896400928497314,0.8054980933666229,0.8054980933666229,,ما ش؟
casablanca,46203_1,Yemen,2.633098304,0.007555161602795124,0.8014687895774841,0.793913627974689,0.793913627974689,21 - مسلسل عيال المرحوم _ نبيل الآنسي نجيبة عبدالله خالد البحري _ الحلقة 10_680.7290625_694.7521875000001_46203_1.wav,كل ما في نفسك 
casablanca,33300_1,UAE,1.149142465,0.7974918484687805,0.01142793893814087,-0.7860639095306396,0.7860639095306396,05 - مسلسل أيام الصبر (1995) الحلقة 4 الرابعة_941.9709375000001_957.8840625_33300_1.wav,الله يعينا على هالزمان
sada_test,5585,SADA,0.57,0.023173000663518906,0.8069434762001038,0.7837704755365849,0.7837704755365849,,الناس.
casablanca,14764_1,Morocco,1.76371528,0.9564515352249146,0.17354287207126617,-0.7829086631536484,0.7829086631536484,02 - Waadi 2 S2 épisode وعدي الجزء الثاني الحلقة 02‏_534.4734375_547.8215625_14764_1.wav,ماكينش شي قنت آخر عاسين عليه فيه؟
sada_test,767,SADA,0.506,0.8341869711875916,0.05539983510971069,-0.7787871360778809,0.7787871360778809,,بقوم أنام
sada_test,1127,SADA,3.31,0.0004199999966658652,0.7786049842834473,0.7781849842867814,0.7781849842867814,,لأن الفترة هذه أنا بأمس الحاجة لخدماته
casablanca,60208_5,Mauritania,2.926363636,0.032272424548864365,0.8095527291297913,0.7772803045809269,0.7772803045809269,02 - يوميات ابو اسرة ｜ الترحيل ｜｜قناة شنقيط_637.6134375_657.5934375_60208_5.wav,قلت لك آن في سلس البول لا نبول لك هون
casablanca,64652_4,Mauritania,2.684988419,0.015594802796840668,0.785930335521698,0.7703355327248573,0.7703355327248573,14 - مسلسل المرأة وطن آخر - الحلقة 9 - رمضان 2016- قناة الموريتانية_635.8078125000001_653.3071875_64652_4.wav,ما كان صايب كاع للنظافة و لا كان صايب لشي
sada_test,1131,SADA,1.88,0.042830001562833786,0.8083627820014954,0.7655327804386616,0.7655327804386616,,وكانت هذه آخر مرة نشوفها فيها.
sada_test,837,SADA,0.919,0.8428360223770142,0.08326516300439835,-0.7595708593726158,0.7595708593726158,,لاحق مقفل
casablanca,60042_3,Mauritania,1.521136364,0.1400309056043625,0.8989127278327942,0.7588818222284317,0.7588818222284317,02 - مسلسل جمل الدهر - الحلقة 18 - رمضان 2020 ｜ قناة الموريتانية_1136.0671875000003_1145.8884375000002_60042_3.wav,يغير بعد لا يلزمك شي
sada_test,615,SADA,1.29,0.9756379723548889,0.2173461616039276,-0.7582918107509613,0.7582918107509613,,قمقم خل نتقهوى
casablanca,14462_1,Algeria,3.661882086,0.005003460682928562,0.7629186511039734,0.7579151904210448,0.7579151904210448,"23 - Sultan Achour 10, S2 EP23 Vive le Sultan_ سلطان عاشور 10، موسم 2 الحلقة 23 يحيا السلطان_473.38593750000007_477.0478125_14462_1.wav",[صراخ]
sada_test,4264,SADA,1.54,0.013101999647915363,0.7697286009788513,0.756626601330936,0.756626601330936,,الذيب والفيافي معه
sada_test,1429,SADA,0.95,0.04198899865150452,0.7982678413391113,0.7562788426876068,0.7562788426876068,,أ أ
casablanca,20050_1,Yemen,4.421588611,0.8624290823936462,0.1092645451426506,-0.7531645372509956,0.7531645372509956,04 - غربة البن _ الحلقة  4 _ محمد قحطان - صلاح الوافي - عمار العزكي - سالي حماده - شروق _ يمن شباب_192.5184375_196.95656250000002_20050_1.wav,لا حولا ولا قوة الا بالله العلي العظيم ، بعدين شيقتلونك  لمه ؟
casablanca,1237_1,Egypt,2.946099192,0.8803287148475647,0.12983061373233795,-0.7504981011152267,0.7504981011152267,06 - مسلسل الدالي الجزء الاول _ الحلقة _6_ El Daly Part 1 Episode_347.58281250000005_353.42156250000005_1237_1.wav,و من المجموعة بتاعت الخلية و هاتلي النتيجة. 
sada_test,1562,SADA,3.407,0.13744500279426575,0.8876269459724426,0.7501819431781769,0.7501819431781769,,أوه، يا رجل.
sada_test,5435,SADA,1.601,-0.0036800000816583633,0.7457820177078247,0.7494620177894831,0.7494620177894831,,قم قم بنفسك قم
casablanca,19362_2,Morocco,0.8850321888,0.9026743769645691,0.15324905514717102,-0.7494253218173981,0.7494253218173981,30 - Waadi S2 épisode وعدي الجزء الثاني الحلقة 30‏_622.5609375_635.2509375000001_19362_2.wav,نتا حتارمتي راسك؟
sada_test,1554,SADA,1.17,0.08363299816846848,0.8328379392623901,0.7492049410939217,0.7492049410939217,,إي المكيف.
sada_test,921,SADA,1.14,0.11449100077152252,0.8628921508789062,0.7484011501073837,0.7484011501073837,,واين اخذك
sada_test,2213,SADA,0.64,0.9054960012435913,0.16078436374664307,-0.7447116374969482,0.7447116374969482,,تعال، ها؟
sada_test,4556,SADA,1.172,0.8013049960136414,0.05894341319799423,-0.7423615828156471,0.7423615828156471,,مبلغ كدا إن شاء الله.
casablanca,15920_3,Morocco,1.420107296,0.16283488273620605,0.9034799933433533,0.7406451106071472,0.7406451106071472,09 - Al Sir Laqdim - Ep 10 - السر القديم الحلقة_998.8903125_1022.1103125000001_15920_3.wav,بلا شك هبة هي لي عرضات عليك.
casablanca,33616_4,UAE,1.204379068,0.09636789560317993,0.8363364934921265,0.7399685978889465,0.7399685978889465,08 - مسلسل أيام الصبر (1995) الحلقة 7 السابعة_1443.1078125_1480.3509375000003_33616_4.wav,أنا فلوسي جاهزة
casablanca,1523_3,Egypt,0.6840878623,0.9753076434135437,0.23668114840984344,-0.7386264950037003,0.7386264950037003,08 - المسلسل المصري و انت عامل ايه الحلقة 8_422.33906250000007_429.66281250000003_1523_3.wav,مش سبعة و تلاتين؟
sada_test,5398,SADA,3.47,0.9433379769325256,0.20504680275917053,-0.7382911741733551,0.7382911741733551,,أم مو وايد إسلاما هذا؟
